{
	"animations": [
		{
			"loop": true,
			"offsets": [
				-4,
				-72
			],
			"anim": "idle",
			"fps": 11,
			"name": "Sprite-0002 idle",
			"indices": []
		},
		{
			"loop": true,
			"offsets": [
				0,
				0
			],
			"anim": "singLEFT",
			"fps": 11,
			"name": "Sprite-0002 singLEFT",
			"indices": []
		},
		{
			"loop": false,
			"offsets": [
				0,
				0
			],
			"anim": "singRIGHT",
			"fps": 11,
			"name": "Sprite-0002 singRIGHT",
			"indices": []
		},
		{
			"loop": false,
			"offsets": [
				0,
				0
			],
			"anim": "singDOWN",
			"fps": 11,
			"name": "Sprite-0002 singDOWN",
			"indices": []
		},
		{
			"loop": true,
			"offsets": [
				0,
				0
			],
			"anim": "singUP",
			"fps": 11,
			"name": "Sprite-0002 singUP",
			"indices": []
		}
	],
	"vocals_file": "",
	"no_antialiasing": true,
	"image": "characters/nyanCat",
	"position": [
		0,
		0
	],
	"healthicon": "nyan",
	"flip_x": true,
	"healthbar_colors": [
		0,
		255,
		0
	],
	"camera_position": [
		-50,
		50
	],
	"sing_duration": 4,
	"scale": 7.49999999999999,
	"_editor_isPlayer": true
}