{
	"animations": [
		{
			"loop": true,
			"offsets": [
				0,
				0
			],
			"anim": "deathLoop",
			"fps": 24,
			"name": "BF Dead Loop",
			"indices": []
		},
		{
			"loop": false,
			"offsets": [
				0,
				0
			],
			"anim": "deathConfirm",
			"fps": 24,
			"name": "BF Dead confirm",
			"indices": []
		},
		{
			"offsets": [
				0,
				0
			],
			"indices": [],
			"fps": 2,
			"anim": "firstLoop",
			"loop": true,
			"name": "Sprite-0001 sleepy"
		},
		{
			"offsets": [
				0,
				0
			],
			"indices": [],
			"fps": 2,
			"anim": "firstDeath",
			"loop": true,
			"name": "Sprite-0001 sleepy"
		}
	],
	"vocals_file": "",
	"no_antialiasing": true,
	"image": "characters/nyanCat-Asleep",
	"position": [
		0,
		0
	],
	"healthicon": "bf",
	"flip_x": true,
	"healthbar_colors": [
		49,
		176,
		209
	],
	"camera_position": [
		-10,
		50
	],
	"sing_duration": 4,
	"scale": 7.49999999999999,
	"_editor_isPlayer": true
}