{ "frames": {
   "Sprite-0001 sleepy0000": {
    "frame": { "x": 0, "y": 0, "w": 32, "h": 22 },
    "rotated": false,
    "trimmed": false,
    "spriteSourceSize": { "x": 0, "y": 0, "w": 32, "h": 22 },
    "sourceSize": { "w": 32, "h": 22 },
    "duration": 400
   },
   "Sprite-0001 sleepy0001": {
    "frame": { "x": 32, "y": 0, "w": 32, "h": 22 },
    "rotated": false,
    "trimmed": false,
    "spriteSourceSize": { "x": 0, "y": 0, "w": 32, "h": 22 },
    "sourceSize": { "w": 32, "h": 22 },
    "duration": 400
   }
 },
 "meta": {
  "app": "https://www.aseprite.org/",
  "version": "1.3.8.1-x64",
  "image": "nyanCat-Asleep.png",
  "format": "RGBA8888",
  "size": { "w": 64, "h": 22 },
  "scale": "1",
  "frameTags": [
   { "name": "sleepy", "from": 0, "to": 1, "direction": "forward", "color": "#000000ff" }
  ],
  "layers": [
   { "name": "Layer 1", "opacity": 255, "blendMode": "normal" }
  ],
  "slices": [
  ]
 }
}
