{ "frames": {
   "Sprite-0002 idle0000": {
    "frame": { "x": 0, "y": 0, "w": 32, "h": 23 },
    "rotated": false,
    "trimmed": false,
    "spriteSourceSize": { "x": 0, "y": 0, "w": 32, "h": 23 },
    "sourceSize": { "w": 32, "h": 23 },
    "duration": 100
   },
   "Sprite-0002 idle0001": {
    "frame": { "x": 32, "y": 0, "w": 32, "h": 23 },
    "rotated": false,
    "trimmed": false,
    "spriteSourceSize": { "x": 0, "y": 0, "w": 32, "h": 23 },
    "sourceSize": { "w": 32, "h": 23 },
    "duration": 100
   },
   "Sprite-0002 idle0002": {
    "frame": { "x": 32, "y": 0, "w": 32, "h": 23 },
    "rotated": false,
    "trimmed": false,
    "spriteSourceSize": { "x": 0, "y": 0, "w": 32, "h": 23 },
    "sourceSize": { "w": 32, "h": 23 },
    "duration": 100
   },
   "Sprite-0002 idle0003": {
    "frame": { "x": 0, "y": 0, "w": 32, "h": 23 },
    "rotated": false,
    "trimmed": false,
    "spriteSourceSize": { "x": 0, "y": 0, "w": 32, "h": 23 },
    "sourceSize": { "w": 32, "h": 23 },
    "duration": 100
   },
   "Sprite-0002 singUP0000": {
    "frame": { "x": 64, "y": 0, "w": 32, "h": 23 },
    "rotated": false,
    "trimmed": false,
    "spriteSourceSize": { "x": 0, "y": 0, "w": 32, "h": 23 },
    "sourceSize": { "w": 32, "h": 23 },
    "duration": 100
   },
   "Sprite-0002 singUP0001": {
    "frame": { "x": 0, "y": 23, "w": 32, "h": 23 },
    "rotated": false,
    "trimmed": false,
    "spriteSourceSize": { "x": 0, "y": 0, "w": 32, "h": 23 },
    "sourceSize": { "w": 32, "h": 23 },
    "duration": 100
   },
   "Sprite-0002 singUP0002": {
    "frame": { "x": 0, "y": 23, "w": 32, "h": 23 },
    "rotated": false,
    "trimmed": false,
    "spriteSourceSize": { "x": 0, "y": 0, "w": 32, "h": 23 },
    "sourceSize": { "w": 32, "h": 23 },
    "duration": 100
   },
   "Sprite-0002 singDOWN0000": {
    "frame": { "x": 32, "y": 23, "w": 32, "h": 23 },
    "rotated": false,
    "trimmed": false,
    "spriteSourceSize": { "x": 0, "y": 0, "w": 32, "h": 23 },
    "sourceSize": { "w": 32, "h": 23 },
    "duration": 100
   },
   "Sprite-0002 singDOWN0001": {
    "frame": { "x": 32, "y": 23, "w": 32, "h": 23 },
    "rotated": false,
    "trimmed": false,
    "spriteSourceSize": { "x": 0, "y": 0, "w": 32, "h": 23 },
    "sourceSize": { "w": 32, "h": 23 },
    "duration": 100
   },
   "Sprite-0002 singDOWN0002": {
    "frame": { "x": 32, "y": 23, "w": 32, "h": 23 },
    "rotated": false,
    "trimmed": false,
    "spriteSourceSize": { "x": 0, "y": 0, "w": 32, "h": 23 },
    "sourceSize": { "w": 32, "h": 23 },
    "duration": 100
   },
   "Sprite-0002 singLEFT0000": {
    "frame": { "x": 64, "y": 23, "w": 32, "h": 23 },
    "rotated": false,
    "trimmed": false,
    "spriteSourceSize": { "x": 0, "y": 0, "w": 32, "h": 23 },
    "sourceSize": { "w": 32, "h": 23 },
    "duration": 100
   },
   "Sprite-0002 singLEFT0001": {
    "frame": { "x": 0, "y": 46, "w": 32, "h": 23 },
    "rotated": false,
    "trimmed": false,
    "spriteSourceSize": { "x": 0, "y": 0, "w": 32, "h": 23 },
    "sourceSize": { "w": 32, "h": 23 },
    "duration": 100
   },
   "Sprite-0002 singLEFT0002": {
    "frame": { "x": 0, "y": 46, "w": 32, "h": 23 },
    "rotated": false,
    "trimmed": false,
    "spriteSourceSize": { "x": 0, "y": 0, "w": 32, "h": 23 },
    "sourceSize": { "w": 32, "h": 23 },
    "duration": 100
   },
   "Sprite-0002 singRIGHT0000": {
    "frame": { "x": 32, "y": 46, "w": 32, "h": 23 },
    "rotated": false,
    "trimmed": false,
    "spriteSourceSize": { "x": 0, "y": 0, "w": 32, "h": 23 },
    "sourceSize": { "w": 32, "h": 23 },
    "duration": 100
   },
   "Sprite-0002 singRIGHT0001": {
    "frame": { "x": 32, "y": 46, "w": 32, "h": 23 },
    "rotated": false,
    "trimmed": false,
    "spriteSourceSize": { "x": 0, "y": 0, "w": 32, "h": 23 },
    "sourceSize": { "w": 32, "h": 23 },
    "duration": 100
   },
   "Sprite-0002 singRIGHT0002": {
    "frame": { "x": 32, "y": 46, "w": 32, "h": 23 },
    "rotated": false,
    "trimmed": false,
    "spriteSourceSize": { "x": 0, "y": 0, "w": 32, "h": 23 },
    "sourceSize": { "w": 32, "h": 23 },
    "duration": 100
   }
 },
 "meta": {
  "app": "https://www.aseprite.org/",
  "version": "1.3.8.1-x64",
  "image": "nyanCat.png",
  "format": "RGBA8888",
  "size": { "w": 96, "h": 69 },
  "scale": "1",
  "frameTags": [
   { "name": "idle", "from": 0, "to": 3, "direction": "forward", "color": "#000000ff" },
   { "name": "singUP", "from": 4, "to": 6, "direction": "forward", "color": "#000000ff" },
   { "name": "singDOWN", "from": 7, "to": 9, "direction": "forward", "color": "#000000ff" },
   { "name": "singLEFT", "from": 10, "to": 12, "direction": "forward", "color": "#000000ff" },
   { "name": "singRIGHT", "from": 13, "to": 15, "direction": "forward", "color": "#000000ff" }
  ],
  "layers": [
   { "name": "Layer 1", "opacity": 255, "blendMode": "normal" }
  ],
  "slices": [
  ]
 }
}
