{ "frames": {
   "Sprite-0003 RainbowTrail0000": {
    "frame": { "x": 0, "y": 0, "w": 193, "h": 23 },
    "rotated": false,
    "trimmed": false,
    "spriteSourceSize": { "x": 0, "y": 0, "w": 193, "h": 23 },
    "sourceSize": { "w": 193, "h": 23 },
    "duration": 100
   },
   "Sprite-0003 RainbowTrail0001": {
    "frame": { "x": 193, "y": 0, "w": 193, "h": 23 },
    "rotated": false,
    "trimmed": false,
    "spriteSourceSize": { "x": 0, "y": 0, "w": 193, "h": 23 },
    "sourceSize": { "w": 193, "h": 23 },
    "duration": 100
   },
   "Sprite-0003 RainbowTrail0002": {
    "frame": { "x": 0, "y": 23, "w": 193, "h": 23 },
    "rotated": false,
    "trimmed": false,
    "spriteSourceSize": { "x": 0, "y": 0, "w": 193, "h": 23 },
    "sourceSize": { "w": 193, "h": 23 },
    "duration": 100
   }
 },
 "meta": {
  "app": "https://www.aseprite.org/",
  "version": "1.3.8.1-x64",
  "image": "RainbowTrail.png",
  "format": "RGBA8888",
  "size": { "w": 386, "h": 46 },
  "scale": "1",
  "frameTags": [
   { "name": "RainbowTrail", "from": 0, "to": 2, "direction": "forward", "color": "#000000ff" }
  ],
  "layers": [
   { "name": "Layer 1", "opacity": 255, "blendMode": "normal" }
  ],
  "slices": [
  ]
 }
}
